anime,title,number,released,video,type,host,status,thumbnail
Dragon Ball,Dragon Ball Episode 1,1,,https://filemoon.sx/e/5lw0r5dimvft/Srdragonballe001_1_;https://filemoon.sx/e/midp4mk7149x/Srdragonballe001,sub;dub,FileMoon;FileMoon,publish,
Dragon Ball,Dragon Ball Episode 2,2,,https://filemoon.sx/e/0g9wbul8mmu6/Srdragonballe002;https://filemoon.sx/e/1d0tc9sp2t4n/Srdragonballe002,sub;dub,FileMoon;FileMoon,publish,
Dragon Ball,Dragon Ball Episode 3,3,,https://filemoon.sx/e/k88uv5d4u3di/Srdragonballe003;https://filemoon.sx/e/3e5l9g7itgdc/Srdragonballe003,sub;dub,FileMoon;FileMoon,publish,
Dragon Ball,Dragon Ball Episode 4,4,,https://filemoon.sx/e/fycihoeg409w/Srdragonballe004;https://filemoon.sx/e/nntw2ldkjxmj/Srdragonballe004,sub;dub,FileMoon;FileMoon,publish,
Dragon Ball,Dragon Ball Episode 5,5,,https://filemoon.sx/e/ayiovaztrox5/Srdragonballe005;https://filemoon.sx/e/p8de03ti5vad/Srdragonballe005,sub;dub,FileMoon;FileMoon,publish,
Dragon Ball,Dragon Ball Episode 6,6,,https://filemoon.sx/e/5mcru7nur5kk/Srdragonballe006;https://filemoon.sx/e/udvv43vuuune/Srdragonballe006,sub;dub,FileMoon;FileMoon,publish,
Dragon Ball,Dragon Ball Episode 7,7,,https://filemoon.sx/e/auw2fmlktgl1/Srdragonballe007;https://filemoon.sx/e/7k1wbknddwhq/Srdragonballe007,sub;dub,FileMoon;FileMoon,publish,
Dragon Ball,Dragon Ball Episode 8,8,,https://filemoon.sx/e/xxq4hlmaccjq/Srdragonballe008;https://filemoon.sx/e/5s580ygd19af/Srdragonballe008,sub;dub,FileMoon;FileMoon,publish,
Dragon Ball,Dragon Ball Episode 9,9,,https://filemoon.sx/e/l0miinu2srpi/Srdragonballe009;https://filemoon.sx/e/xv2mfjfcfrok/Srdragonballe009,sub;dub,FileMoon;FileMoon,publish,
Dragon Ball,Dragon Ball Episode 10,10,,https://filemoon.sx/e/0n70x4wrl6qk/Srdragonballe010;https://filemoon.sx/e/0t2s76aj2fl9/Srdragonballe010,sub;dub,FileMoon;FileMoon,publish,
Dragon Ball,Dragon Ball Episode 11,11,,https://filemoon.sx/e/6zlrnckotxg4/Srdragonballe011;https://filemoon.sx/e/3pry464b932n/Srdragonballe011,sub;dub,FileMoon;FileMoon,publish,
Dragon Ball,Dragon Ball Episode 12,12,,https://filemoon.sx/e/sc5r3n4ekxhi/Srdragonballe012;https://filemoon.sx/e/k16wryukl6a7/Srdragonballe012,sub;dub,FileMoon;FileMoon,publish,
Dragon Ball,Dragon Ball Episode 13,13,,https://filemoon.sx/e/6l53m6zc1m56/Srdragonballe013;https://filemoon.sx/e/scxqhgrc2jbi/Srdragonballe013,sub;dub,FileMoon;FileMoon,publish,
Dragon Ball,Dragon Ball Episode 14,14,,https://filemoon.sx/e/c3aeb2qzfdpa/Srdragonballe014;https://filemoon.sx/e/4p8zuij8oyg4/Srdragonballe014,sub;dub,FileMoon;FileMoon,publish,
Dragon Ball,Dragon Ball Episode 15,15,,https://filemoon.sx/e/jgiw6s9t9t60/Srdragonballe015;https://filemoon.sx/e/xcuav0hu6myc/Srdragonballe015,sub;dub,FileMoon;FileMoon,publish,
Dragon Ball,Dragon Ball Episode 16,16,,https://filemoon.sx/e/h2d4ndcxrt6r/Srdragonballe016;https://filemoon.sx/e/co0om10z9ao2/Srdragonballe016,sub;dub,FileMoon;FileMoon,publish,
Dragon Ball,Dragon Ball Episode 17,17,,https://filemoon.sx/e/akb4mk5x2w99/Srdragonballe017;https://filemoon.sx/e/a0i9kxy2wzda/Srdragonballe017,sub;dub,FileMoon;FileMoon,publish,
Dragon Ball,Dragon Ball Episode 18,18,,https://filemoon.sx/e/9br5or5xf7nr/Srdragonballe018;https://filemoon.sx/e/uucr2i077vtb/Srdragonballe018,sub;dub,FileMoon;FileMoon,publish,
Dragon Ball,Dragon Ball Episode 19,19,,https://filemoon.sx/e/0ue9l3k5b8n2/Srdragonballe019;https://filemoon.sx/e/llrfbo58vfxq/Srdragonballe019,sub;dub,FileMoon;FileMoon,publish,
Dragon Ball,Dragon Ball Episode 20,20,,https://filemoon.sx/e/phnvo7q8ojh1/Srdragonballe020;https://filemoon.sx/e/rkln4730lam6/Srdragonballe020,sub;dub,FileMoon;FileMoon,publish,
Dragon Ball,Dragon Ball Episode 21,21,,https://filemoon.sx/e/8dvgk0h3aflm/Srdragonballe021;https://filemoon.sx/e/vz9gq5o28tce/Srdragonballe021,sub;dub,FileMoon;FileMoon,publish,
Dragon Ball,Dragon Ball Episode 22,22,,https://filemoon.sx/e/h2zgc9jv7l5l/Srdragonballe022;https://filemoon.sx/e/9r6evph1nlfh/Srdragonballe022,sub;dub,FileMoon;FileMoon,publish,
Dragon Ball,Dragon Ball Episode 23,23,,https://filemoon.sx/e/gta8b346rpy4/Srdragonballe023;https://filemoon.sx/e/tv2ipbnk80nz/Srdragonballe023,sub;dub,FileMoon;FileMoon,publish,
Dragon Ball,Dragon Ball Episode 24,24,,https://filemoon.sx/e/fex9wy2dkz23/Srdragonballe024;https://filemoon.sx/e/09ozjn4rdh41/Srdragonballe024,sub;dub,FileMoon;FileMoon,publish,
Dragon Ball,Dragon Ball Episode 25,25,,https://filemoon.sx/e/gzj4mtn3ihps/Srdragonballe025;https://filemoon.sx/e/d0nl6bf95e5x/Srdragonballe025,sub;dub,FileMoon;FileMoon,publish,
Dragon Ball,Dragon Ball Episode 26,26,,https://filemoon.sx/e/sp7psh7ktc2j/Srdragonballe026;https://filemoon.sx/e/rtwxd90ikagj/Srdragonballe026,sub;dub,FileMoon;FileMoon,publish,
Dragon Ball,Dragon Ball Episode 27,27,,https://filemoon.sx/e/77vm30zp07hb/Srdragonballe027;https://filemoon.sx/e/3lkp7tyc5wsj/Srdragonballe027,sub;dub,FileMoon;FileMoon,publish,
Dragon Ball,Dragon Ball Episode 28,28,,https://filemoon.sx/e/h32co077cim5/Srdragonballe028;https://filemoon.sx/e/xnwh8mi9fri6/Srdragonballe028,sub;dub,FileMoon;FileMoon,publish,
Dragon Ball,Dragon Ball Episode 29,29,,https://filemoon.sx/e/xrfcz69czqtj/Srdragonballe029;https://filemoon.sx/e/cgdrzxde7k6q/Srdragonballe029,sub;dub,FileMoon;FileMoon,publish,
Dragon Ball,Dragon Ball Episode 30,30,,https://filemoon.sx/e/lgzfi2va5z9m/Srdragonballe030;https://filemoon.sx/e/gg76e2pzf0m1/Srdragonballe030,sub;dub,FileMoon;FileMoon,publish,
Dragon Ball,Dragon Ball Episode 31,31,,https://filemoon.sx/e/s5roim7mjtw7/Srdragonballe031;https://filemoon.sx/e/ifbycpzb3p5z/Srdragonballe031,sub;dub,FileMoon;FileMoon,publish,
Dragon Ball,Dragon Ball Episode 32,32,,https://filemoon.sx/e/69fd29v4g3vv/Srdragonballe032;https://filemoon.sx/e/mwxbfei907dv/Srdragonballe032;https://filemoon.sx/e/yqlm56xdocua/Srdragonballe032,sub;dub;dub,FileMoon;FileMoon;FileMoon²,publish,
Dragon Ball,Dragon Ball Episode 33,33,,https://filemoon.sx/e/kg314zzjmqec/Srdragonballe033;https://filemoon.sx/e/zav3454pcrhi/Srdragonballe033,sub;dub,FileMoon;FileMoon,publish,
Dragon Ball,Dragon Ball Episode 34,34,,https://filemoon.sx/e/udtcext73b6w/Srdragonballe034;https://filemoon.sx/e/tl4vsup16203/Srdragonballe034,sub;dub,FileMoon;FileMoon,publish,
Dragon Ball,Dragon Ball Episode 35,35,,https://filemoon.sx/e/nl7mzi9th2cl/Srdragonballe035;https://filemoon.sx/e/0wgwex1xo6o1/Srdragonballe035,sub;dub,FileMoon;FileMoon,publish,
Dragon Ball,Dragon Ball Episode 36,36,,https://filemoon.sx/e/g432ohar5lza/Srdragonballe036;https://filemoon.sx/e/8g4fs4k7kbus/Srdragonballe036,sub;dub,FileMoon;FileMoon,publish,
Dragon Ball,Dragon Ball Episode 37,37,,https://filemoon.sx/e/5z8glz0vkwaf/Srdragonballe037;https://filemoon.sx/e/ednjz7k0u7tg/Srdragonballe037,sub;dub,FileMoon;FileMoon,publish,
Dragon Ball,Dragon Ball Episode 38,38,,https://filemoon.sx/e/5t0u99rov31m/Srdragonballe038;https://filemoon.sx/e/z46iyhtkmmka/Srdragonballe038,sub;dub,FileMoon;FileMoon,publish,
Dragon Ball,Dragon Ball Episode 39,39,,https://filemoon.sx/e/fa8wladbedj3/Srdragonballe039;https://filemoon.sx/e/bqbqfcxmrwx5/Srdragonballe039,sub;dub,FileMoon;FileMoon,publish,
Dragon Ball,Dragon Ball Episode 40,40,,https://filemoon.sx/e/xt9u023a8dzq/Srdragonballe040;https://filemoon.sx/e/yn7x02futqyi/Srdragonballe040,sub;dub,FileMoon;FileMoon,publish,
Dragon Ball,Dragon Ball Episode 41,41,,https://filemoon.sx/e/05fhewv6apq6/Srdragonballe041;https://filemoon.sx/e/o8qtbrcqw8y6/Srdragonballe041,sub;dub,FileMoon;FileMoon,publish,
Dragon Ball,Dragon Ball Episode 42,42,,https://filemoon.sx/e/7eaj3gx0x818/Srdragonballe042;https://filemoon.sx/e/gayek60472vd/Srdragonballe042,sub;dub,FileMoon;FileMoon,publish,
Dragon Ball,Dragon Ball Episode 43,43,,https://filemoon.sx/e/88rakqqtxgjp/Srdragonballe043;https://filemoon.sx/e/efkiy8vkhxk0/Srdragonballe043,sub;dub,FileMoon;FileMoon,publish,
Dragon Ball,Dragon Ball Episode 44,44,,https://filemoon.sx/e/0i3o18kddkaa/Srdragonballe044;https://filemoon.sx/e/jfoganf9u538/Srdragonballe044,sub;dub,FileMoon;FileMoon,publish,
Dragon Ball,Dragon Ball Episode 45,45,,https://filemoon.sx/e/7ylu3yl4h9vt/Srdragonballe045;https://filemoon.sx/e/1segzvyk3840/Srdragonballe045,sub;dub,FileMoon;FileMoon,publish,
Dragon Ball,Dragon Ball Episode 46,46,,https://filemoon.sx/e/rm7g3ij2zzwe/Srdragonballe046;https://filemoon.sx/e/5gcomz9j5cjc/Srdragonballe046,sub;dub,FileMoon;FileMoon,publish,
Dragon Ball,Dragon Ball Episode 47,47,,https://filemoon.sx/e/8swb0osh19c6/Srdragonballe047;https://filemoon.sx/e/znvh1g616cto/Srdragonballe047,sub;dub,FileMoon;FileMoon,publish,
Dragon Ball,Dragon Ball Episode 48,48,,https://filemoon.sx/e/cz03ljzuxvdg/Srdragonballe048;https://filemoon.sx/e/io7mf3jcs0x1/Srdragonballe048,sub;dub,FileMoon;FileMoon,publish,
Dragon Ball,Dragon Ball Episode 49,49,,https://filemoon.sx/e/pqb5vdo05dbg/Srdragonballe049;https://filemoon.sx/e/km014uzb5uzn/Srdragonballe049,sub;dub,FileMoon;FileMoon,publish,
Dragon Ball,Dragon Ball Episode 50,50,,https://filemoon.sx/e/hn3xrd5aiuii/Srdragonballe050;https://filemoon.sx/e/h0ke9wqprow8/Srdragonballe050,sub;dub,FileMoon;FileMoon,publish,
Dragon Ball,Dragon Ball Episode 51,51,,https://filemoon.sx/e/kh9hcjx0b7ug/Srdragonballe051;https://filemoon.sx/e/xjqks03vk5v0/Srdragonballe051,sub;dub,FileMoon;FileMoon,publish,
Dragon Ball,Dragon Ball Episode 52,52,,https://filemoon.sx/e/r2xrmn6p1d66/Srdragonballe052;https://filemoon.sx/e/v0wc4gpjlzfy/Srdragonballe052,sub;dub,FileMoon;FileMoon,publish,
Dragon Ball,Dragon Ball Episode 53,53,,https://filemoon.sx/e/m53ciu275j7c/Srdragonballe053;https://filemoon.sx/e/ow5hd0snh7d0/Srdragonballe053,sub;dub,FileMoon;FileMoon,publish,
Dragon Ball,Dragon Ball Episode 54,54,,https://filemoon.sx/e/mm8smm0lygud/Srdragonballe054;https://filemoon.sx/e/8rz6zpyg6l2z/Srdragonballe054,sub;dub,FileMoon;FileMoon,publish,
Dragon Ball,Dragon Ball Episode 55,55,,https://filemoon.sx/e/74cc3jzgis23/Srdragonballe055;https://filemoon.sx/e/rpmjsya614cy/Srdragonballe055,sub;dub,FileMoon;FileMoon,publish,
Dragon Ball,Dragon Ball Episode 56,56,,https://filemoon.sx/e/4pz18eq3upi2/Srdragonballe056;https://filemoon.sx/e/fd34kgeif591/Srdragonballe056,sub;dub,FileMoon;FileMoon,publish,
Dragon Ball,Dragon Ball Episode 57,57,,https://filemoon.sx/e/sbor5357o2wk/Srdragonballe057;https://filemoon.sx/e/vligh1e25qgt/Srdragonballe057,sub;dub,FileMoon;FileMoon,publish,
Dragon Ball,Dragon Ball Episode 58,58,,https://filemoon.sx/e/mrmzi3ohd1sf/Srdragonballe058;https://filemoon.sx/e/7u8hdhw7wn62/Srdragonballe058,sub;dub,FileMoon;FileMoon,publish,
Dragon Ball,Dragon Ball Episode 59,59,,https://filemoon.sx/e/677s834o1806/Srdragonballe059;https://filemoon.sx/e/126l1u7lybsy/Srdragonballe059,sub;dub,FileMoon;FileMoon,publish,
Dragon Ball,Dragon Ball Episode 60,60,,https://filemoon.sx/e/jah4bax2e51x/Srdragonballe060;https://filemoon.sx/e/7y8j5oxsss69/Srdragonballe060,sub;dub,FileMoon;FileMoon,publish,
Dragon Ball,Dragon Ball Episode 61,61,,https://filemoon.sx/e/8rsje8rkf1cm/Srdragonballe061;https://filemoon.sx/e/oef7doeays2i/Srdragonballe061,sub;dub,FileMoon;FileMoon,publish,
Dragon Ball,Dragon Ball Episode 62,62,,https://filemoon.sx/e/1vklf96spe2o/Srdragonballe062;https://filemoon.sx/e/phm2xtu53ix3/Srdragonballe062,sub;dub,FileMoon;FileMoon,publish,
Dragon Ball,Dragon Ball Episode 63,63,,https://filemoon.sx/e/eco2scvutb2m/Srdragonballe063;https://filemoon.sx/e/hob8i2w5t1cr/Srdragonballe063,sub;dub,FileMoon;FileMoon,publish,
Dragon Ball,Dragon Ball Episode 64,64,,https://filemoon.sx/e/6bx8s64hkfz2/Srdragonballe064;https://filemoon.sx/e/vtfmbunccxpn/Srdragonballe064,sub;dub,FileMoon;FileMoon,publish,
Dragon Ball,Dragon Ball Episode 65,65,,https://filemoon.sx/e/is5uhm6dom2k/Srdragonballe065;https://filemoon.sx/e/uipgbbzjphsn/Srdragonballe065,sub;dub,FileMoon;FileMoon,publish,
Dragon Ball,Dragon Ball Episode 66,66,,https://filemoon.sx/e/kbc35xwz7cfi/Srdragonballe066;https://filemoon.sx/e/1i2wa2y6o1in/Srdragonballe066,sub;dub,FileMoon;FileMoon,publish,
Dragon Ball,Dragon Ball Episode 67,67,,https://filemoon.sx/e/u3a3w2kmkb0r/Srdragonballe067;https://filemoon.sx/e/sgyh02aoo7uu/Srdragonballe067,sub;dub,FileMoon;FileMoon,publish,
Dragon Ball,Dragon Ball Episode 68,68,,https://filemoon.sx/e/8yqaidj6pk91/Srdragonballe068;https://filemoon.sx/e/dwup9ufeoub2/Srdragonballe068,sub;dub,FileMoon;FileMoon,publish,
Dragon Ball,Dragon Ball Episode 69,69,,https://filemoon.sx/e/57s6qiws71ho/Srdragonballe069;https://filemoon.sx/e/qysdskytbe3o/Srdragonballe069,sub;dub,FileMoon;FileMoon,publish,
Dragon Ball,Dragon Ball Episode 70,70,,https://filemoon.sx/e/bges39k6ol1d/Srdragonballe070;https://filemoon.sx/e/v5jlphil8tdm/Srdragonballe070,sub;dub,FileMoon;FileMoon,publish,
Dragon Ball,Dragon Ball Episode 71,71,,https://filemoon.sx/e/dyffg7016dvo/Srdragonballe071;https://filemoon.sx/e/oz35afdb864e/Srdragonballe071,sub;dub,FileMoon;FileMoon,publish,
Dragon Ball,Dragon Ball Episode 72,72,,https://filemoon.sx/e/rc4dzdvrc35q/Srdragonballe072;https://filemoon.sx/e/2qf91dlrvayb/Srdragonballe072,sub;dub,FileMoon;FileMoon,publish,
Dragon Ball,Dragon Ball Episode 73,73,,https://filemoon.sx/e/lkpkju8u92n0/Srdragonballe073;https://filemoon.sx/e/kynwr65co3y1/Srdragonballe073,sub;dub,FileMoon;FileMoon,publish,
Dragon Ball,Dragon Ball Episode 74,74,,https://filemoon.sx/e/dnl6zdaysz8q/Srdragonballe074;https://filemoon.sx/e/8ck004za8l5x/Srdragonballe074,sub;dub,FileMoon;FileMoon,publish,
Dragon Ball,Dragon Ball Episode 75,75,,https://filemoon.sx/e/lh3l4dtwjirn/Srdragonballe075;https://filemoon.sx/e/23z4zdndxtx2/Srdragonballe075,sub;dub,FileMoon;FileMoon,publish,
Dragon Ball,Dragon Ball Episode 76,76,,https://filemoon.sx/e/ek9rqqveinvm/Srdragonballe076;https://filemoon.sx/e/fkytwz24ecvk/Srdragonballe076,sub;dub,FileMoon;FileMoon,publish,
Dragon Ball,Dragon Ball Episode 77,77,,https://filemoon.sx/e/ak7zn87swt8b/Srdragonballe077;https://filemoon.sx/e/13znrwfefosx/Srdragonballe077,sub;dub,FileMoon;FileMoon,publish,
Dragon Ball,Dragon Ball Episode 78,78,,https://filemoon.sx/e/txs0svmwra84/Srdragonballe078;https://filemoon.sx/e/991cq9n4262g/Srdragonballe078,sub;dub,FileMoon;FileMoon,publish,
Dragon Ball,Dragon Ball Episode 79,79,,https://filemoon.sx/e/uuvt24m30r7t/Srdragonballe079;https://filemoon.sx/e/skrwrurt5zau/Srdragonballe079,sub;dub,FileMoon;FileMoon,publish,
Dragon Ball,Dragon Ball Episode 80,80,,https://filemoon.sx/e/r64cvkn8ps2e/Srdragonballe080;https://filemoon.sx/e/ovvpy368rqvw/Srdragonballe080,sub;dub,FileMoon;FileMoon,publish,
Dragon Ball,Dragon Ball Episode 81,81,,https://filemoon.sx/e/3cqrsfp63hrb/Srdragonballe081;https://filemoon.sx/e/tharamg05324/Srdragonballe081,sub;dub,FileMoon;FileMoon,publish,
Dragon Ball,Dragon Ball Episode 82,82,,https://filemoon.sx/e/elhdwu9il6p7/Srdragonballe082;https://filemoon.sx/e/e5tubpqy127e/Srdragonballe082,sub;dub,FileMoon;FileMoon,publish,
Dragon Ball,Dragon Ball Episode 83,83,,https://filemoon.sx/e/q9zjgaq53eeq/Srdragonballe083;https://filemoon.sx/e/ri4s108ckeuy/Srdragonballe083,sub;dub,FileMoon;FileMoon,publish,
Dragon Ball,Dragon Ball Episode 84,84,,https://filemoon.sx/e/bc6nmc40yzwo/Srdragonballe084;https://filemoon.sx/e/hciyoe88z04m/Srdragonballe084,sub;dub,FileMoon;FileMoon,publish,
Dragon Ball,Dragon Ball Episode 85,85,,https://filemoon.sx/e/9wog78v0qagh/Srdragonballe085;https://filemoon.sx/e/tcw9ksix6r4q/Srdragonballe085,sub;dub,FileMoon;FileMoon,publish,
Dragon Ball,Dragon Ball Episode 86,86,,https://filemoon.sx/e/nknfd8ixfz9w/Srdragonballe086;https://filemoon.sx/e/6qujlgumeo52/Srdragonballe086,sub;dub,FileMoon;FileMoon,publish,
Dragon Ball,Dragon Ball Episode 87,87,,https://filemoon.sx/e/5af37y46ky2y/Srdragonballe087;https://filemoon.sx/e/snzn1if9qb2v/Srdragonballe087,sub;dub,FileMoon;FileMoon,publish,
Dragon Ball,Dragon Ball Episode 88,88,,https://filemoon.sx/e/slkqsyffnd7j/Srdragonballe088;https://filemoon.sx/e/otyi4s01guku/Srdragonballe088,sub;dub,FileMoon;FileMoon,publish,
Dragon Ball,Dragon Ball Episode 89,89,,https://filemoon.sx/e/7bdxro5vw2jr/Srdragonballe089;https://filemoon.sx/e/qjcobvujzuyg/Srdragonballe089,sub;dub,FileMoon;FileMoon,publish,
Dragon Ball,Dragon Ball Episode 90,90,,https://filemoon.sx/e/6tqcbaud4ag8/Srdragonballe090;https://filemoon.sx/e/mow2v5dtwdbl/Srdragonballe090,sub;dub,FileMoon;FileMoon,publish,
Dragon Ball,Dragon Ball Episode 91,91,,https://filemoon.sx/e/35kih9vwfzgd/Srdragonballe091;https://filemoon.sx/e/xw5h74swwll7/Srdragonballe091,sub;dub,FileMoon;FileMoon,publish,
Dragon Ball,Dragon Ball Episode 92,92,,https://filemoon.sx/e/pelx3vcesnnx/Srdragonballe092;https://filemoon.sx/e/h466v1m97ji5/Srdragonballe092,sub;dub,FileMoon;FileMoon,publish,
Dragon Ball,Dragon Ball Episode 93,93,,https://filemoon.sx/e/shz5sda2jm4x/Srdragonballe093;https://filemoon.sx/e/nf98ugl3614b/Srdragonballe093,sub;dub,FileMoon;FileMoon,publish,
Dragon Ball,Dragon Ball Episode 94,94,,https://filemoon.sx/e/k1wdvfi773sy/Srdragonballe094;https://filemoon.sx/e/jeljov3c5vv5/Srdragonballe094,sub;dub,FileMoon;FileMoon,publish,
Dragon Ball,Dragon Ball Episode 95,95,,https://filemoon.sx/e/nl2ucl98q28q/Srdragonballe095;https://filemoon.sx/e/2k2jp0wtwbks/Srdragonballe095,sub;dub,FileMoon;FileMoon,publish,
Dragon Ball,Dragon Ball Episode 96,96,,https://filemoon.sx/e/8uo01ifemdqd/Srdragonballe096;https://filemoon.sx/e/cjhtpubjcht9/Srdragonballe096,sub;dub,FileMoon;FileMoon,publish,
Dragon Ball,Dragon Ball Episode 97,97,,https://filemoon.sx/e/ot6fl72wcuyj/Srdragonballe097;https://filemoon.sx/e/jhd8vo9d3f4y/Srdragonballe097,sub;dub,FileMoon;FileMoon,publish,
Dragon Ball,Dragon Ball Episode 98,98,,https://filemoon.sx/e/185gdxvzc3o7/Srdragonballe098;https://filemoon.sx/e/b20gy5y2ec25/Srdragonballe098,sub;dub,FileMoon;FileMoon,publish,
Dragon Ball,Dragon Ball Episode 99,99,,https://filemoon.sx/e/3tzrw679tb7q/Srdragonballe099;https://filemoon.sx/e/zgrm8mmkol2a/Srdragonballe099,sub;dub,FileMoon;FileMoon,publish,
Dragon Ball,Dragon Ball Episode 100,100,,https://filemoon.sx/e/1nwmqs6i3i90/Srdragonballe100;https://filemoon.sx/e/97a9ttbpqwlr/Srdragonballe100,sub;dub,FileMoon;FileMoon,publish,
Dragon Ball,Dragon Ball Episode 101,101,,https://filemoon.sx/e/lvneo97e5tuu/Srdragonballe101;https://filemoon.sx/e/21a350af6hu7/Srdragonballe101;https://filemoon.sx/e/ia1mfj3c9o4o/Srdragonballe101,sub;dub;dub,FileMoon;FileMoon;FileMoon²,publish,
Dragon Ball,Dragon Ball Episode 102,102,,https://filemoon.sx/e/l1r5u8vuu044/Srdragonballe102;https://filemoon.sx/e/aez5mr5bwl7a/Srdragonballe102,sub;dub,FileMoon;FileMoon,publish,
Dragon Ball,Dragon Ball Episode 103,103,,https://filemoon.sx/e/rq07edr29ee2/Srdragonballe103;https://filemoon.sx/e/dquqz4hvs25t/Srdragonballe103,sub;dub,FileMoon;FileMoon,publish,
Dragon Ball,Dragon Ball Episode 104,104,,https://filemoon.sx/e/0bo5ha0uoae8/Srdragonballe104;https://filemoon.sx/e/y1lrytyivi5b/Srdragonballe104,sub;dub,FileMoon;FileMoon,publish,
Dragon Ball,Dragon Ball Episode 105,105,,https://filemoon.sx/e/m4fonkh92n04/Srdragonballe105;https://filemoon.sx/e/t080e7myzv7n/Srdragonballe105,sub;dub,FileMoon;FileMoon,publish,
Dragon Ball,Dragon Ball Episode 106,106,,https://filemoon.sx/e/a6lwbro9dj2t/Srdragonballe106;https://filemoon.sx/e/datquj330ba7/Srdragonballe106,sub;dub,FileMoon;FileMoon,publish,
Dragon Ball,Dragon Ball Episode 107,107,,https://filemoon.sx/e/w0mkdrp225tv/Srdragonballe107;https://filemoon.sx/e/4jaffthuf2d5/Srdragonballe107,sub;dub,FileMoon;FileMoon,publish,
Dragon Ball,Dragon Ball Episode 108,108,,https://filemoon.sx/e/uepm2i7gvjao/Srdragonballe108;https://filemoon.sx/e/6zfb4uvklz7w/Srdragonballe108,sub;dub,FileMoon;FileMoon,publish,
Dragon Ball,Dragon Ball Episode 109,109,,https://filemoon.sx/e/wnxfqb00awgv/Srdragonballe109;https://filemoon.sx/e/po8jhxnz3xkd/Srdragonballe109,sub;dub,FileMoon;FileMoon,publish,
Dragon Ball,Dragon Ball Episode 110,110,,https://filemoon.sx/e/lev79y4ay8s6/Srdragonballe110;https://filemoon.sx/e/sheii3yy6tc0/Srdragonballe110,sub;dub,FileMoon;FileMoon,publish,
Dragon Ball,Dragon Ball Episode 111,111,,https://filemoon.sx/e/f92i9l6qyrlt/Srdragonballe111;https://filemoon.sx/e/czjirqovb22y/Srdragonballe111,sub;dub,FileMoon;FileMoon,publish,
Dragon Ball,Dragon Ball Episode 112,112,,https://filemoon.sx/e/zm0e3dsmtlem/Srdragonballe112;https://filemoon.sx/e/ryqg79a5x03p/Srdragonballe112,sub;dub,FileMoon;FileMoon,publish,
Dragon Ball,Dragon Ball Episode 113,113,,https://filemoon.sx/e/i40wf15qs4dm/Srdragonballe113;https://filemoon.sx/e/fvzr1f4roorr/Srdragonballe113,sub;dub,FileMoon;FileMoon,publish,
Dragon Ball,Dragon Ball Episode 114,114,,https://filemoon.sx/e/4nbkxc0w0jm0/Srdragonballe114;https://filemoon.sx/e/vmkwgkuo6ago/Srdragonballe114,sub;dub,FileMoon;FileMoon,publish,
Dragon Ball,Dragon Ball Episode 115,115,,https://filemoon.sx/e/w5iukth58frr/Srdragonballe115;https://filemoon.sx/e/hqrj6gus3hi8/Srdragonballe115,sub;dub,FileMoon;FileMoon,publish,
Dragon Ball,Dragon Ball Episode 116,116,,https://filemoon.sx/e/bvmhvzj4x2fo/Srdragonballe116;https://filemoon.sx/e/00faafajfwba/Srdragonballe116,sub;dub,FileMoon;FileMoon,publish,
Dragon Ball,Dragon Ball Episode 117,117,,https://filemoon.sx/e/uhvz570zjk73/Srdragonballe117;https://filemoon.sx/e/25z0clvgnjtu/Srdragonballe117,sub;dub,FileMoon;FileMoon,publish,
Dragon Ball,Dragon Ball Episode 118,118,,https://filemoon.sx/e/pi2mjo1q8un6/Srdragonballe118;https://filemoon.sx/e/u3hnz44r771z/Srdragonballe118,sub;dub,FileMoon;FileMoon,publish,
Dragon Ball,Dragon Ball Episode 119,119,,https://filemoon.sx/e/1r69rk6j05jt/Srdragonballe119;https://filemoon.sx/e/1g6ourxr8uh4/Srdragonballe119,sub;dub,FileMoon;FileMoon,publish,
Dragon Ball,Dragon Ball Episode 120,120,,https://filemoon.sx/e/gzfj29fmblk1/Srdragonballe120;https://filemoon.sx/e/uwdyiz357uik/Srdragonballe120,sub;dub,FileMoon;FileMoon,publish,
Dragon Ball,Dragon Ball Episode 121,121,,https://filemoon.sx/e/6a86hkm8l6vt/Srdragonballe121;https://filemoon.sx/e/o92vina8j8mc/Srdragonballe121,sub;dub,FileMoon;FileMoon,publish,
Dragon Ball,Dragon Ball Episode 122,122,,https://filemoon.sx/e/jdvz7agn9mgi/Srdragonballe122;https://filemoon.sx/e/0sazmrjvh42n/Srdragonballe122,sub;dub,FileMoon;FileMoon,publish,
Dragon Ball,Dragon Ball Episode 123,123,,https://filemoon.sx/e/ffb42ff4ykmm/Srdragonballe123;https://filemoon.sx/e/8snoo1i4z1e2/Srdragonballe123,sub;dub,FileMoon;FileMoon,publish,
Dragon Ball,Dragon Ball Episode 124,124,,https://filemoon.sx/e/vitkeo9k6vnn/Srdragonballe124;https://filemoon.sx/e/l7lmig02m4mz/Srdragonballe124,sub;dub,FileMoon;FileMoon,publish,
Dragon Ball,Dragon Ball Episode 125,125,,https://filemoon.sx/e/vumpbfibo2bn/Srdragonballe125;https://filemoon.sx/e/26vaqy22vuka/Srdragonballe125,sub;dub,FileMoon;FileMoon,publish,
Dragon Ball,Dragon Ball Episode 126,126,,https://filemoon.sx/e/k0b1loqgvvwi/Srdragonballe126;https://filemoon.sx/e/u3ztpxgo7msc/Srdragonballe126,sub;dub,FileMoon;FileMoon,publish,
Dragon Ball,Dragon Ball Episode 127,127,,https://filemoon.sx/e/n4svm8tyoyew/Srdragonballe127;https://filemoon.sx/e/127ebby38pm5/Srdragonballe127,sub;dub,FileMoon;FileMoon,publish,
Dragon Ball,Dragon Ball Episode 128,128,,https://filemoon.sx/e/b77ruzfqvrbc/Srdragonballe128;https://filemoon.sx/e/gl0ekgrzk1ks/Srdragonballe128,sub;dub,FileMoon;FileMoon,publish,
Dragon Ball,Dragon Ball Episode 129,129,,https://filemoon.sx/e/eycc8shasb69/Srdragonballe129;https://filemoon.sx/e/06owv07ryq1b/Srdragonballe129,sub;dub,FileMoon;FileMoon,publish,
Dragon Ball,Dragon Ball Episode 130,130,,https://filemoon.sx/e/p2wi5fvwv82u/Srdragonballe130;https://filemoon.sx/e/tucrntk42d60/Srdragonballe130,sub;dub,FileMoon;FileMoon,publish,
Dragon Ball,Dragon Ball Episode 131,131,,https://filemoon.sx/e/bmhys55v8oje/Srdragonballe131;https://filemoon.sx/e/pvo1l5z8mx64/Srdragonballe131,sub;dub,FileMoon;FileMoon,publish,
Dragon Ball,Dragon Ball Episode 132,132,,https://filemoon.sx/e/ua3hrc2hnsc7/Srdragonballe132;https://filemoon.sx/e/dqvsb2xnu3ew/Srdragonballe132,sub;dub,FileMoon;FileMoon,publish,
Dragon Ball,Dragon Ball Episode 133,133,,https://filemoon.sx/e/ewl9tozg15ym/Srdragonballe133;https://filemoon.sx/e/80huk4ir5uf9/Srdragonballe133,sub;dub,FileMoon;FileMoon,publish,
Dragon Ball,Dragon Ball Episode 134,134,,https://filemoon.sx/e/yh8h2837o8v1/Srdragonballe134;https://filemoon.sx/e/7fc7rfequ5go/Srdragonballe134,sub;dub,FileMoon;FileMoon,publish,
Dragon Ball,Dragon Ball Episode 135,135,,https://filemoon.sx/e/5affmhwl18i2/Srdragonballe135;https://filemoon.sx/e/vaiysp43dbmg/Srdragonballe135,sub;dub,FileMoon;FileMoon,publish,
Dragon Ball,Dragon Ball Episode 136,136,,https://filemoon.sx/e/q4knmhvqoq23/Srdragonballe136;https://filemoon.sx/e/0fqrktc0mvkb/Srdragonballe136,sub;dub,FileMoon;FileMoon,publish,
Dragon Ball,Dragon Ball Episode 137,137,,https://filemoon.sx/e/nk4k31zrxmh4/Srdragonballe137;https://filemoon.sx/e/toca0zfur17b/Srdragonballe137,sub;dub,FileMoon;FileMoon,publish,
Dragon Ball,Dragon Ball Episode 138,138,,https://filemoon.sx/e/9wbscot24qw7/Srdragonballe138;https://filemoon.sx/e/oaxzfoesdgmw/Srdragonballe138,sub;dub,FileMoon;FileMoon,publish,
Dragon Ball,Dragon Ball Episode 139,139,,https://filemoon.sx/e/22bhu2vddmfz/Srdragonballe139;https://filemoon.sx/e/yj5st0a58g4n/Srdragonballe139,sub;dub,FileMoon;FileMoon,publish,
Dragon Ball,Dragon Ball Episode 140,140,,https://filemoon.sx/e/9u9ouxv78rsg/Srdragonballe140;https://filemoon.sx/e/up25jq28en7x/Srdragonballe140,sub;dub,FileMoon;FileMoon,publish,
Dragon Ball,Dragon Ball Episode 141,141,,https://filemoon.sx/e/oujw6kzpsgq0/Srdragonballe141;https://filemoon.sx/e/f4eliur3mf0e/Srdragonballe141,sub;dub,FileMoon;FileMoon,publish,
Dragon Ball,Dragon Ball Episode 142,142,,https://filemoon.sx/e/y8u6zafruekn/Srdragonballe142;https://filemoon.sx/e/je84oa36slnu/Srdragonballe142,sub;dub,FileMoon;FileMoon,publish,
Dragon Ball,Dragon Ball Episode 143,143,,https://filemoon.sx/e/di0sm9xtna4b/Srdragonballe143;https://filemoon.sx/e/cy15lsyyhkj5/Srdragonballe143,sub;dub,FileMoon;FileMoon,publish,
Dragon Ball,Dragon Ball Episode 144,144,,https://filemoon.sx/e/bi759oeede4r/Srdragonballe144;https://filemoon.sx/e/dl2ofmo1ch7x/Srdragonballe144,sub;dub,FileMoon;FileMoon,publish,
Dragon Ball,Dragon Ball Episode 145,145,,https://filemoon.sx/e/12hnb4ok65et/Srdragonballe145;https://filemoon.sx/e/lhbz0kj27bmk/Srdragonballe145,sub;dub,FileMoon;FileMoon,publish,
Dragon Ball,Dragon Ball Episode 146,146,,https://filemoon.sx/e/mp5jhwuwew91/Srdragonballe146;https://filemoon.sx/e/x18quky6xnki/Srdragonballe146,sub;dub,FileMoon;FileMoon,publish,
Dragon Ball,Dragon Ball Episode 147,147,,https://filemoon.sx/e/qt6j349uu5m5/Srdragonballe147;https://filemoon.sx/e/0wh7bhnq774u/Srdragonballe147,sub;dub,FileMoon;FileMoon,publish,
Dragon Ball,Dragon Ball Episode 148,148,,https://filemoon.sx/e/dw47dnt7g7uu/Srdragonballe148;https://filemoon.sx/e/zi1zh6d80jnq/Srdragonballe148,sub;dub,FileMoon;FileMoon,publish,
Dragon Ball,Dragon Ball Episode 149,149,,https://filemoon.sx/e/vwa6cgjd8c0k/Srdragonballe149;https://filemoon.sx/e/pkeib0kfo3sr/Srdragonballe149,sub;dub,FileMoon;FileMoon,publish,
Dragon Ball,Dragon Ball Episode 150,150,,https://filemoon.sx/e/s276otrr49lb/Srdragonballe150;https://filemoon.sx/e/askxw7d9exbd/Srdragonballe150,sub;dub,FileMoon;FileMoon,publish,
Dragon Ball,Dragon Ball Episode 151,151,,https://filemoon.sx/e/q5wbqkrz6v75/Srdragonballe151;https://filemoon.sx/e/eksvojuyve70/Srdragonballe151,sub;dub,FileMoon;FileMoon,publish,
Dragon Ball,Dragon Ball Episode 152,152,,https://filemoon.sx/e/z2ybw42pljrs/Srdragonballe152;https://filemoon.sx/e/1xpsvpk90iup/Srdragonballe152,sub;dub,FileMoon;FileMoon,publish,
Dragon Ball,Dragon Ball Episode 153,153,,https://filemoon.sx/e/lvanfzwoowfk/Srdragonballe153;https://filemoon.sx/e/2eu6bh7bf1p7/Srdragonballe153,sub;dub,FileMoon;FileMoon,publish,
